{
  "best_metric": 0.9534883720930233,
  "best_model_checkpoint": "securanet_backend\\phishing_model\\checkpoint-200",
  "epoch": 6.25,
  "eval_steps": 200,
  "global_step": 200,
  "is_hyper_param_search": false,
  "is_local_process_zero": true,
  "is_world_process_zero": true,
  "log_history": [
    {
      "epoch": 3.125,
      "grad_norm": 0.11384592205286026,
      "learning_rate": 1.1071428571428572e-05,
      "loss": 0.2248,
      "step": 100
    },
    {
      "epoch": 6.25,
      "grad_norm": 0.08757978677749634,
      "learning_rate": 2.1428571428571427e-06,
      "loss": 0.0048,
      "step": 200
    },
    {
      "epoch": 6.25,
      "eval_accuracy": 0.9629629629629629,
      "eval_f1": 0.9534883720930233,
      "eval_loss": 0.12108563631772995,
      "eval_precision": 0.9318181818181818,
      "eval_recall": 0.9761904761904762,
      "eval_runtime": 6.6627,
      "eval_samples_per_second": 16.21,
      "eval_steps_per_second": 0.6,
      "step": 200
    }
  ],
  "logging_steps": 100,
  "max_steps": 224,
  "num_input_tokens_seen": 0,
  "num_train_epochs": 7,
  "save_steps": 200,
  "total_flos": 52192155070464.0,
  "train_batch_size": 8,
  "trial_name": null,
  "trial_params": null
}
